Environment,0
Environment,community engagement
Environment,training/education
Environment,partnership
Environment,awareness building
Environment,community engagement
Environment,0
Environment,scaling up/replication
Environment,policy making
Environment,training/education
Environment,sustainable practice
Environment,0
Environment,sustainable practice
Environment,community engagement
Environment,community engagement
Environment,sustainable practice
Environment,sustainable practice
Environment,0
Environment,sustainable practice
Environment,0
Civic Engagement,engage vulnerable groups
Civic Engagement,training/education
Civic Engagement,0
Civic Engagement,active participation
Civic Engagement,networking/sharing
Civic Engagement,Resource support
Civic Engagement,collective action
Civic Engagement,training/education
Civic Engagement,active participation
Civic Engagement,engage vulnerable groups
Civic Engagement,policy making
Civic Engagement,0
Civic Engagement,scaling up/replication
Civic Engagement,networking/sharing
Civic Engagement,involve companies
Civic Engagement,media advocacy
Civic Engagement,0
Civic Engagement,community engagement
Civic Engagement,networking/sharing
Civic Engagement,partnership
Civic Engagement,Resource support
Civic Engagement,scaling up/replication
Civic Engagement,media advocacy
Civic Engagement,0
Civic Engagement,training/education
Civic Engagement,0
Civic Engagement,volunteering
Civic Engagement,ICT
Civic Engagement,community engagement
Civic Engagement,engage vulnerable groups
Learning/Education,diversified methods
Learning/Education,Resource support
Learning/Education,community engagement
Learning/Education,life skills training
Learning/Education,learning experiences
Learning/Education,reform systems
Learning/Education,engage vulnerable groups
Learning/Education,policy making
Learning/Education,engage vulnerable groups
Learning/Education,scaling up/replication
Learning/Education,scaling up/replication
Learning/Education,0
Learning/Education,0
Learning/Education,active participation
Learning/Education,training/education
Learning/Education,networking/sharing
Learning/Education,piloting & initiatives
Learning/Education,0
Learning/Education,training/education
Learning/Education,diversified methods
Learning/Education,government support
Learning/Education,engage vulnerable groups
Learning/Education,engage vulnerable groups
Learning/Education,scaling up/replication
Learning/Education,engage vulnerable groups
Learning/Education,training/education
Learning/Education,train the trainers
Learning/Education,engage vulnerable groups
Learning/Education,engage vulnerable groups
Learning/Education,train the trainers
Human Rights,engage vulnerable groups
Human Rights,active participation
Human Rights,0
Human Rights,Resource support
Human Rights,engage vulnerable groups
Human Rights,piloting & initiatives
Human Rights,training/education
Human Rights,engage vulnerable groups
Human Rights,partnership
Human Rights,training/education
Human Rights,engage vulnerable groups
Human Rights,0
Human Rights,Resource support
Human Rights,awareness building
Human Rights,0
Human Rights,0
Human Rights,government support
Human Rights,0
Human Rights,legal enforcement
Human Rights,community engagement
Human Rights,scaling up/replication
Human Rights,protect vulnerable groups
Human Rights,community support
Human Rights,0
Human Rights,engage vulnerable groups
Human Rights,conduct research
Human Rights,partnership
Human Rights,religious leaders
Human Rights,public advocacy
Human Rights,0
Health,0
Health,0
Health,information-based practices
Health,0
Health,ICT/mobile therapy
Health,0
Health,partnership
Health,build facilities
Health,scaling up/replication
Health,use existing resources
Health,engage vulnerable groups
Health,0
Health,networking/sharing
Health,build facilities
Health,prevention
Health,Resource support
Health,partnership
Health,provide treatment
Health,provide treatment
Health,engage vulnerable groups
Health,policy making
Health,awareness building
Health,0
Health,training/education
Health,training/education
Health,volunteering
Health,reform systems
Health,0
Health,networking/sharing
Health,conduct research
Economic Development,fair trade
Economic Development,0
Economic Development,training/education
Economic Development,scaling up/replication
Economic Development,0
Economic Development,engage vulnerable groups
Economic Development,community engagement
Economic Development,0
Economic Development,partnership
Economic Development,partnership
Economic Development,training/education
Economic Development,policy making
Economic Development,engage vulnerable groups
Economic Development,small business
Economic Development,partnership
Economic Development,ICT
Economic Development,loans&financial support
Economic Development,loans&financial support
Economic Development,piloting & initiatives
Economic Development,use existing resources
Economic Development,partnership
Economic Development,partnership
Economic Development,0
Economic Development,marketing/distribution
Economic Development,partnership
Economic Development,0
Economic Development,0
Economic Development,partnership
Economic Development,networking/sharing
Economic Development,sustainable practice
